title,mag,where.coordinates
M 5.6 - Fiji region,5.6,"(-178.9351, -20.8791)"
"M 4.9 - 170 km NNW of Sola, Vanuatu",4.9,"(166.8717, -12.482)"
M 4.7 - Kermadec Islands region,4.7,"(179.4707, -27.673)"
"M 4.4 - 82 km S of Severo-Kuril’sk, Russia",4.4,"(155.9472, 49.9395)"
M 4.3 - south of the Fiji Islands,4.3,"(-177.5628, -23.149)"
"M 4.4 - 5 km NW of Naic, Philippines",4.4,"(120.7259, 14.3523)"
"M 5.1 - 103 km ESE of Teluk Dalam, Indonesia",5.1,"(98.7143, 0.3775)"
"M 4.3 - 70 km ESE of Ollagüe, Chile",4.3,"(-67.5895, -21.3578)"
"M 4.7 - 175 km NE of Lospalos, Timor Leste",4.7,"(128.2579, -7.5493)"
"M 5.3 - 57 km SE of Severo-Kuril’sk, Russia",5.3,"(156.5921, 50.2516)"
"M 4.4 - 56 km ESE of Shimoda, Japan",4.4,"(139.5156, 34.4915)"
"M 4.8 - 99 km ENE of Nagqu, China",4.8,"(92.9819, 31.9088)"
"M 5.2 - 47 km SSE of Nemuro, Japan",5.2,"(145.7217, 42.9104)"
M 5.2 - central Mid-Atlantic Ridge,5.2,"(-40.7369, 9.2884)"
M 4.6 - central Mid-Atlantic Ridge,4.6,"(-40.5855, 9.4368)"
M 5.0 - Kermadec Islands region,5.0,"(-176.4658, -27.1504)"
"M 4.6 - 17 km ENE of Mene Grande, Venezuela",4.6,"(-70.7906, 9.9244)"
"M 4.9 - 56 km W of Panguna, Papua New Guinea",4.9,"(154.976, -6.2578)"
"M 4.9 - 186 km SSE of Vilyuchinsk, Russia",4.9,"(159.5339, 51.4015)"
"M 4.2 - 59 km S of Sand Point, Alaska",4.2,"(-160.6233, 54.8024)"
"M 5.0 - 27 km WNW of Yuyapichis, Peru",5.0,"(-75.2126, -9.5616)"
M 5.2 - Kermadec Islands region,5.2,"(-176.4663, -27.0971)"
"M 4.2 - 45 km NW of Khandūd, Afghanistan",4.2,"(72.0209, 37.2841)"
"M 5.1 - 86 km SE of Atka, Alaska",5.1,"(-173.3977, 51.6012)"
"M 4.4 - 4 km SSE of Nuevo Vicente Guerrero (El Chichonal), Mexico",4.4,"(-92.8607, 16.4436)"
"M 4.9 - 82 km NE of Tadine, New Caledonia",4.9,"(168.5434, -21.1342)"
"M 5.1 - 64 km WNW of Kirakira, Solomon Islands",5.1,"(161.3643, -10.2568)"
"M 4.9 - 81 km E of Falam, Burma (Myanmar)",4.9,"(94.4682, 22.8129)"
"M 4.5 - 3 km ESE of La Paz, Philippines",4.5,"(126.2949, 8.9684)"
"M 4.1 - 249 km E of Levuka, Fiji",4.1,"(-178.3336, -17.9379)"
"M 4.3 - 104 km NNE of Tobelo, Indonesia",4.3,"(128.2311, 2.6442)"
"M 4.6 - 240 km SSW of Colonia, Micronesia",4.6,"(136.9888, 7.6565)"
"M 4.8 - 137 km ESE of Petropavlovsk-Kamchatsky, Russia",4.8,"(160.6167, 52.7798)"
"M 4.2 - 41 km W of Ollagüe, Chile",4.2,"(-68.6508, -21.1968)"
"M 4.1 - 109 km SW of Adak, Alaska",4.1,"(-177.67488098145, 51.137588500977)"
"M 4.7 - 58 km S of Aitape, Papua New Guinea",4.7,"(142.2554, -3.6559)"
"M 4.4 - 255 km WNW of Houma, Tonga",4.4,"(-177.3455, -19.9021)"
"M 4.2 - 51 km SW of Sechura, Peru",4.2,"(-81.1796, -5.8559)"
"M 4.1 - 47 km ESE of Aiquile, Bolivia",4.1,"(-64.7474, -18.3206)"
"M 4.6 - 60 km E of Baculin, Philippines",4.6,"(127.1211, 7.3542)"
"M 4.1 - 78 km SW of Challapata, Bolivia",4.1,"(-67.2764, -19.4176)"
"M 4.6 - 20 km W of Urakawa, Japan",4.6,"(142.5397, 42.1226)"
"M 4.9 - 137 km ENE of Masohi, Indonesia",4.9,"(130.1521, -2.9401)"
"M 4.6 - 45 km SE of Onagawa Chō, Japan",4.6,"(141.8636, 38.1993)"
"M 4.8 - Pagan region, Northern Mariana Islands",4.8,"(145.7088, 18.8237)"
"M 4.3 - 120 km E of Atka, Alaska",4.3,"(-172.4497, 52.0899)"
M 4.9 - Pacific-Antarctic Ridge,4.9,"(-143.8864, -56.1341)"
"M 4.4 - 174 km WNW of Abepura, Indonesia",4.4,"(139.1243, -2.1694)"
M 5.3 - Kermadec Islands region,5.3,"(-176.5272, -27.3264)"
M 4.4 - south of the Fiji Islands,4.4,"(179.654, -25.6501)"
"M 4.7 - 156 km N of Masohi, Indonesia",4.7,"(128.8467, -1.8922)"
"M 4.3 - 21 km NW of Ilabaya, Peru",4.3,"(-70.6756, -17.3056)"
"M 4.4 - 37 km SSE of Dampit, Indonesia",4.4,"(112.9248, -8.4978)"
"M 4.5 - 96 km WNW of Vinchina, Argentina",4.5,"(-69.1533, -28.4984)"
M 5.3 - Kermadec Islands region,5.3,"(-176.581, -27.2047)"
M 5.8 - west of Macquarie Island,5.8,"(147.3093, -56.5406)"
"M 4.4 - 116 km E of Miyako, Japan",4.4,"(143.2874, 39.7484)"
M 4.2 - Fiji region,4.2,"(-178.9458, -21.2206)"
"M 4.9 - 113 km WNW of Basco, Philippines",4.9,"(120.9937, 20.9089)"
M 4.8 - Kermadec Islands region,4.8,"(-175.9123, -27.0338)"
"M 4.8 - 116 km W of Gorontalo, Indonesia",4.8,"(122.0306, 0.3694)"
M 4.5 - Vanuatu region,4.5,"(170.6927, -13.666)"
"M 4.6 - 12 km NNE of Colonia, Micronesia",4.6,"(138.1473, 9.6239)"
M 4.7 - Scotia Sea,4.7,"(-36.3107, -61.1342)"
"M 5.0 - 115 km W of Sola, Vanuatu",5.0,"(166.5035, -13.6752)"
M 5.9 - west of Macquarie Island,5.9,"(151.8477, -52.387)"
M 4.5 - Mariana Islands region,4.5,"(143.1774, 21.5615)"
"M 4.9 - 26 km SSW of El Rosario, El Salvador",4.9,"(-89.0824, 13.266)"
"M 4.5 - 210 km W of Tual, Indonesia",4.5,"(130.8801, -5.9643)"
"M 5.1 - 99 km SE of Kieta, Papua New Guinea",5.1,"(156.2583, -6.8657)"
"M 4.9 - 99 km E of Georgetown, Saint Helena",4.9,"(-13.5155, -8.0126)"
"M 5.1 - 181 km S of Severo-Kuril’sk, Russia",5.1,"(156.1069, 49.0406)"
M 4.8 - south of Tonga,4.8,"(-175.4489, -25.1961)"
"M 4.7 - 46 km WNW of San Antonio de los Cobres, Argentina",4.7,"(-66.7029, -23.9921)"
"M 4.0 - 49 km SW of La Tirana, Chile",4.0,"(-70.3915, -20.6529)"
"M 4.6 - 255 km SW of Yanglong, China",4.6,"(96.3186, 37.2248)"
M 5.2 - southern Mid-Atlantic Ridge,5.2,"(-13.4828, -47.4633)"
"M 4.8 - 142 km SSE of Koshima, Japan",4.8,"(131.1575, 29.0696)"
"M 4.6 - 160 km S of Severo-Kuril’sk, Russia",4.6,"(155.9822, 49.2329)"
"M 5.8 - 4 km WSW of Tectitán, Guatemala",5.8,"(-92.1007, 15.2847)"
M 4.4 - Banda Sea,4.4,"(130.1412, -6.7707)"
M 4.8 - South Indian Ocean,4.8,"(52.4176, -37.2477)"
"M 4.4 - 150 km NNW of Neiafu, Tonga",4.4,"(-174.4426, -17.3674)"
"M 4.5 - 67 km S of Pondaguitan, Philippines",4.5,"(126.2621, 5.7609)"
M 5.0 - southern Mid-Atlantic Ridge,5.0,"(-14.2581, -14.2306)"
"M 4.4 - 40 km S of Ollagüe, Chile",4.4,"(-68.2745, -21.5926)"
"M 4.5 - 81 km SW of Atocha, Bolivia",4.5,"(-66.8237, -21.4128)"
"M 4.5 - 209 km ESE of Severo-Kuril’sk, Russia",4.5,"(158.6292, 49.6971)"
"M 5.2 - Kepulauan Babar, Indonesia",5.2,"(129.7868, -7.0809)"
"M 4.9 - 115 km W of Abra Pampa, Argentina",4.9,"(-66.8205, -22.7502)"
M 5.1 - central East Pacific Rise,5.1,"(-108.828, -8.9711)"
"M 4.2 - 272 km S of Ambon, Indonesia",4.2,"(127.7053, -6.1175)"
"M 4.2 - 143 km WSW of Adak, Alaska",4.2,"(-178.5377, 51.3723)"
"M 5.6 - 130 km WNW of Hihifo, Tonga",5.6,"(-174.8509, -15.3657)"
"M 4.0 - 26 km SE of Sari, Iran",4.0,"(53.2821, 36.4102)"
"M 4.3 - 159 km SW of Leava, Wallis and Futuna",4.3,"(-179.198, -15.324)"
"M 4.6 - 121 km NE of Bāfq, Iran",4.6,"(56.2784, 32.4079)"
"M 4.0 - 5 km S of San Juan Bautista, CA",4.0,"(-121.54366666667, 36.799)"
"M 4.4 - 142 km E of Yamada, Japan",4.4,"(143.6099, 39.525)"
"M 4.2 - 151 km E of Korsakov, Russia",4.2,"(144.7271, 46.8733)"
"M 6.0 - 12 km WNW of Susitna, Alaska",6.0,"(-150.75079345703, 61.569519042969)"
"M 4.8 - 284 km WSW of Tual, Indonesia",4.8,"(130.508, -6.8761)"
"M 4.9 - 199 km SE of Sarangani, Philippines",4.9,"(126.6627, 4.0539)"
"M 4.6 - 37 km SSE of San Jose Village, Northern Mariana Islands",4.6,"(145.7131, 14.6372)"
"M 4.0 - 23 km NNE of Tungi, Bangladesh",4.0,"(90.4824, 24.0897)"
"M 4.8 - 143 km E of Bitung, Indonesia",4.8,"(126.4031, 1.6515)"
"M 4.2 - 6 km WSW of Los Ángeles, Mexico",4.2,"(-95.222, 17.3691)"
"M 4.5 - 43 km S of Ollagüe, Chile",4.5,"(-68.2631, -21.6186)"
"M 4.5 - Maug Islands region, Northern Mariana Islands",4.5,"(145.8558, 20.0545)"
"M 4.8 - 85 km W of Gunungsitoli, Indonesia",4.8,"(96.8545, 1.1988)"
"M 6.6 - 45 km WNW of Sinabang, Indonesia",6.6,"(96.0266, 2.6921)"
"M 4.5 - 58 km ESE of Sarangani, Philippines",4.5,"(125.9703, 5.2517)"
"M 4.9 - 19 km ESE of Pagudpud, Philippines",4.9,"(120.939, 18.4662)"
"M 4.7 - 21 km NE of Pánormos, Greece",4.7,"(24.8565, 35.5537)"
"M 4.5 - 29 km S of Tondano, Indonesia",4.5,"(124.9099, 1.0384)"
"M 4.3 - 103 km NNW of San Antonio de los Cobres, Argentina",4.3,"(-66.8389, -23.413)"
"M 4.6 - 220 km SSE of Tabiauan, Philippines",4.6,"(122.6927, 4.2021)"
"M 4.3 - 102 km N of Tarama, Japan",4.3,"(124.7328, 25.5946)"
"M 4.6 - 245 km E of Levuka, Fiji",4.6,"(-178.371, -17.9244)"
"M 5.0 - 111 km SW of Gunungsitoli, Indonesia",5.0,"(96.7871, 0.725)"
"M 4.4 - 36 km SSE of Vilyuchinsk, Russia",4.4,"(158.5529, 52.618)"
M 5.2 - southeast of the Loyalty Islands,5.2,"(170.6542, -22.7306)"
"M 4.9 - 56 km SSE of Shiranuka, Japan",4.9,"(144.2369, 42.4681)"
"M 4.0 - 8 km E of Gilroy, CA",4.0,"(-121.47566666667, 36.997333333333)"
"M 4.5 - 246 km N of Hirara, Japan",4.5,"(125.3536, 27.0273)"
"M 4.6 - Kepulauan Babar, Indonesia",4.6,"(129.8327, -7.1188)"
"M 4.4 - 114 km SSE of San Pedro de Atacama, Chile",4.4,"(-67.8569, -23.899)"
"M 4.5 - 45 km SW of Lebu, Chile",4.5,"(-73.9802, -37.9203)"
"M 4.3 - 4 km SE of Olocuilta, El Salvador",4.3,"(-89.0828, 13.5445)"
"M 4.2 - 112 km WSW of Puerto Madero, Mexico",4.2,"(-93.4039, 14.3668)"
"M 4.6 - 15 km SSE of Fern Forest, Hawaii",4.6,"(-155.07533333333, 19.336166666667)"
"M 4.9 - 88 km W of Isangel, Vanuatu",4.9,"(168.4392, -19.458)"
"M 4.8 - 163 km SE of Pondaguitan, Philippines",4.8,"(127.1882, 5.2892)"
"M 4.5 - 71 km NNE of Calama, Chile",4.5,"(-68.723, -21.8419)"
M 4.7 - north of Macquarie Island,4.7,"(161.9946, -51.0362)"
"M 4.9 - 21 km SSE of Tomok Bolon, Indonesia",4.9,"(98.9235, 2.4703)"
"M 4.2 - 218 km ENE of Levuka, Fiji",4.2,"(-178.7411, -17.4078)"
"M 4.2 - Izu Islands, Japan region",4.2,"(138.7205, 30.3918)"
"M 5.0 - 108 km NNE of Hihifo, Tonga",5.0,"(-173.5422, -15.0031)"
"M 4.8 - 57 km NW of Kandrian, Papua New Guinea",4.8,"(149.1679, -5.8495)"
"M 4.4 - 31 km SSW of Khanabad, Afghanistan",4.4,"(68.9517, 36.4355)"
"M 4.9 - 222 km E of Severo-Kuril’sk, Russia",4.9,"(159.2173, 50.3437)"
"M 4.5 - 172 km W of Gorontalo, Indonesia",4.5,"(121.5158, 0.6525)"
"M 4.4 - 46 km SW of Palaióchora, Greece",4.4,"(23.3558, 34.9111)"
"M 4.9 - 55 km ENE of Nikolski, Alaska",4.9,"(-168.1424, 53.1821)"
M 4.9 - southeast of the Loyalty Islands,4.9,"(173.0704, -22.9997)"
M 4.7 - western Indian-Antarctic Ridge,4.7,"(123.6184, -48.925)"
"M 4.0 - 129 km SE of Akutan, Alaska",4.0,"(-164.2373, 53.4165)"
M 4.8 - southeast of the Loyalty Islands,4.8,"(172.9751, -23.009)"
"M 4.6 - 181 km WNW of Tobelo, Indonesia",4.6,"(126.5241, 2.415)"
"M 5.4 - 8 km S of Pondaguitan, Philippines",5.4,"(126.1644, 6.2836)"
"M 4.9 - 25 km SE of Achanizo, Peru",4.9,"(-73.7804, -15.955)"
"M 5.4 - 13 km N of Aso, Japan",5.4,"(131.1067, 33.0542)"
"M 4.7 - 136 km ESE of Kitaibaraki, Japan",4.7,"(142.1723, 36.3494)"
"M 4.9 - 114 km SE of Vilyuchinsk, Russia",4.9,"(159.5456, 52.1672)"
"M 5.0 - 121 km SE of Vilyuchinsk, Russia",5.0,"(159.6723, 52.1557)"
"M 4.4 - 68 km WSW of Puerto Cortés, Costa Rica",4.4,"(-84.1156, 8.7765)"
"M 4.4 - 111 km W of El Aguilar, Argentina",4.4,"(-66.7674, -23.1364)"
"M 4.4 - 73 km E of Hualien City, Taiwan",4.4,"(122.3207, 23.9143)"
M 4.5 - Fiji region,4.5,"(-177.7437, -18.6868)"
M 4.7 - Fiji region,4.7,"(-177.6194, -18.7756)"
"M 4.2 - 62 km NE of Calama, Chile",4.2,"(-68.5779, -21.9882)"
M 4.5 - Kuril Islands,4.5,"(154.3926, 47.6005)"
"M 4.1 - 144 km SE of East End, Cayman Islands",4.1,"(-80.162, 18.3607)"
M 4.5 - south of the Fiji Islands,4.5,"(179.9072, -23.5411)"
"M 4.1 - 57 km NE of Calingasta, Argentina",4.1,"(-69.0311, -30.9374)"
"M 4.5 - 85 km W of San Antonio de los Cobres, Argentina",4.5,"(-67.1513, -24.1233)"
"M 4.6 - 22 km SW of Kabare, Democratic Republic of the Congo",4.6,"(28.643, -2.6363)"
"M 4.6 - 86 km SW of Mâncio Lima, Brazil",4.6,"(-73.5153, -8.0938)"
M 4.9 - south of the Kermadec Islands,4.9,"(-178.8476, -33.0183)"
"M 4.5 - 4 km SSW of Magoúla, Greece",4.5,"(21.7889, 39.4144)"
M 5.4 - central Mid-Atlantic Ridge,5.4,"(-37.0268, 7.4819)"
"M 4.0 - 35 km E of Vallenar, Chile",4.0,"(-70.4025, -28.6014)"
"M 4.6 - 89 km NNE of Tobelo, Indonesia",4.6,"(128.426, 2.4226)"
M 4.8 - Chagos Archipelago region,4.8,"(68.2746, -3.4155)"
"M 4.5 - 41 km W of Abra Pampa, Argentina",4.5,"(-66.0893, -22.7929)"
"M 4.2 - 78 km ESE of Gerāsh, Iran",4.2,"(54.8902, 27.4601)"
"M 4.3 - 103 km NNE of Cruz Bay, U.S. Virgin Islands",4.3,"(-64.557, 19.2421)"
"M 4.3 - 113 km N of Baukau, Timor Leste",4.3,"(126.3067, -7.4581)"
"M 4.0 - Southern Qinghai, China",4.0,"(97.3552, 34.7638)"
"M 4.2 - 124 km ESE of Yamada, Japan",4.2,"(143.36, 39.2384)"
"M 4.9 - 107 km S of Boyolangu, Indonesia",4.9,"(111.836, -9.0854)"
"M 4.1 - 21 km SE of Kokhanok, Alaska",4.1,"(-154.50315856934, 59.303443908691)"
"M 4.7 - 142 km ESE of Petropavlovsk-Kamchatsky, Russia",4.7,"(160.6478, 52.6855)"
"M 4.2 - 137 km ESE of Petropavlovsk-Kamchatsky, Russia",4.2,"(160.3656, 52.4234)"
"M 4.7 - 40 km WNW of Ollagüe, Chile",4.7,"(-68.6274, -21.1296)"
"M 4.2 - 73 km SSE of Nemuro, Japan",4.2,"(145.8479, 42.6901)"
"M 4.9 - 146 km NW of Ternate, Indonesia",4.9,"(126.467, 1.7425)"
"M 4.1 - Bonin Islands, Japan region",4.1,"(140.0804, 27.138)"
M 4.7 - northern Mid-Atlantic Ridge,4.7,"(-44.885, 23.7873)"
"M 4.4 - 126 km ENE of Petropavlovsk-Kamchatsky, Russia",4.4,"(160.2278, 53.6838)"
"M 4.4 - 133 km ENE of Petropavlovsk-Kamchatsky, Russia",4.4,"(160.3064, 53.7155)"
"M 4.3 - 121 km E of Chignik, Alaska",4.3,"(-156.44270324707, 56.269912719727)"
"M 5.4 - 116 km WSW of Edd, Eritrea",5.4,"(40.672, 13.588)"
"M 5.5 - 116 km WSW of Edd, Eritrea",5.5,"(40.672, 13.588)"
"M 4.0 - 57 km SSW of Adak, Alaska",4.0,"(-177.0025, 51.4138)"
M 4.8 - South Sandwich Islands region,4.8,"(-23.2281, -58.2041)"
"M 5.5 - 59 km SSW of Adak, Alaska",5.5,"(-177.0684, 51.4112)"
"M 4.6 - 74 km NNE of Maba, Indonesia",4.6,"(128.5722, 1.3162)"
"M 4.4 - 163 km E of Petropavlovsk-Kamchatsky, Russia",4.4,"(161.0624, 53.2059)"
M 4.7 - western Indian-Antarctic Ridge,4.7,"(125.209, -49.235)"
"M 4.6 - 95 km SSE of Vilyuchinsk, Russia",4.6,"(159.1223, 52.1978)"
"M 5.3 - 267 km WSW of Dawei, Burma (Myanmar)",5.3,"(95.8348, 13.3402)"
"M 5.4 - 70 km NNE of Maba, Indonesia",5.4,"(128.5695, 1.2749)"
"M 4.8 - 18 km NNW of Tasiilaq, Greenland",4.8,"(-37.7653, 65.7675)"
"M 4.8 - 258 km SW of Houma, Tonga",4.8,"(-176.7761, -23.0608)"
"M 4.8 - 111 km NNW of Alotau, Papua New Guinea",4.8,"(150.0519, -9.3937)"
"M 5.1 - 67 km WSW of Puerto Cortés, Costa Rica",5.1,"(-84.1029, 8.7615)"
"M 4.6 - 140 km NE of Lospalos, Timor Leste",4.6,"(127.8092, -7.542)"
"M 4.6 - 37 km ENE of Bayjī, Iraq",4.6,"(43.8538, 35.075)"
"M 4.9 - 10 km NW of Beluga, Alaska",4.9,"(-151.24189758301, 61.194618225098)"
"M 4.8 - 72 km SE of Angoram, Papua New Guinea",4.8,"(144.5361, -4.5114)"
M 4.3 - Banda Sea,4.3,"(130.1385, -6.8933)"
"M 4.6 - 107 km SW of Kokopo, Papua New Guinea",4.6,"(151.5574, -5.0015)"
"M 4.3 - 11 km W of Narsingdi, Bangladesh",4.3,"(90.6053, 23.9327)"
"M 4.4 - 21 km SE of Kalbay, Philippines",4.4,"(125.6532, 5.6109)"
"M 4.7 - 138 km ESE of Sarangani, Philippines",4.7,"(126.54, 4.7703)"
"M 4.5 - 11 km NW of San José, Costa Rica",4.5,"(-85.2184, 11.0187)"
"M 4.9 - Izu Islands, Japan region",4.9,"(141.9903, 31.6437)"
M 4.6 - south of the Fiji Islands,4.6,"(-179.8568, -23.3544)"
"M 4.3 - 268 km ENE of Sola, Vanuatu",4.3,"(169.7496, -12.7558)"
"M 4.8 - 0 km NE of Bulacan, Philippines",4.8,"(125.4264, 6.5729)"
"M 5.7 - 214 km SE of Severo-Kuril’sk, Russia",5.7,"(158.6388, 49.6155)"
"M 4.1 - 275 km SSE of King Cove, Alaska",4.1,"(-161.325, 52.6544)"
"M 4.5 - 14 km SSW of Quepos, Costa Rica",4.5,"(-84.1944, 9.3031)"
"M 4.3 - 132 km SW of Adak, Alaska",4.3,"(-178.2032, 51.1927)"
"M 4.4 - 187 km NNW of Likisá, Timor Leste",4.4,"(124.9862, -6.9334)"
"M 4.9 - 105 km ESE of Ozernovskiy, Russia",4.9,"(157.9535, 51.2207)"
M 5.6 - south of the Fiji Islands,5.6,"(179.9218, -24.236)"
"M 5.5 - 137 km E of Miyako, Japan",5.5,"(143.5446, 39.6282)"
"M 4.5 - 136 km ENE of Kimbe, Papua New Guinea",4.5,"(151.2695, -5.0653)"
"M 4.9 - 70 km NE of Tadine, New Caledonia",4.9,"(168.4441, -21.1948)"
"M 4.3 - 36 km ENE of Palca, Peru",4.3,"(-69.6516, -17.6269)"
M 4.7 - Carlsberg Ridge,4.7,"(57.0394, 10.5698)"
"M 5.4 - 14 km SSW of Narsingdi, Bangladesh",5.4,"(90.6489, 23.8079)"
"M 4.4 - 37 km WNW of Villa General Roca, Argentina",4.4,"(-66.8301, -32.5694)"
"M 4.1 - 44 km SSW of Farkhār, Afghanistan",4.1,"(69.5894, 36.2338)"
"M 4.5 - 30 km WSW of Ovalle, Chile",4.5,"(-71.4747, -30.7386)"
"M 4.6 - 45 km WNW of San Antonio de los Cobres, Argentina",4.6,"(-66.7251, -24.0367)"
"M 4.4 - 60 km W of Puerto Cortés, Costa Rica",4.4,"(-84.0664, 8.8646)"
"M 5.1 - 103 km NNW of Hirara, Japan",5.1,"(124.8355, 25.6353)"
"M 4.3 - 295 km E of Levuka, Fiji",4.3,"(-177.894, -17.9456)"
"M 4.9 - 55 km SSW of Ashkāsham, Afghanistan",4.9,"(71.2594, 36.2315)"
"M 4.7 - 95 km WNW of Sinabang, Indonesia",4.7,"(95.6013, 2.8494)"
M 4.5 - Banda Sea,4.5,"(129.7224, -6.8192)"
"M 4.9 - 66 km E of Suklayin, Philippines",4.9,"(122.1622, 15.6666)"
"M 4.7 - 37 km NNW of Villa Basilio Nievas, Argentina",4.7,"(-68.9146, -31.2464)"
"M 4.2 - 19 km SSW of Lugu, Taiwan",4.2,"(120.69, 23.5837)"
"M 4.4 - 33 km NW of Pante Makasar, Timor Leste",4.4,"(124.1683, -8.9857)"
"M 5.0 - 163 km SW of Lata, Solomon Islands",5.0,"(164.5887, -11.5975)"
M 4.6 - Tristan da Cunha region,4.6,"(-15.9921, -35.5998)"
"M 4.5 - 13 km NE of La Oroya, Peru",4.5,"(-75.8242, -11.4213)"
M 5.4 - south of the Fiji Islands,5.4,"(-176.5576, -25.351)"
M 4.9 - South Sandwich Islands region,4.9,"(-26.5217, -57.2563)"
"M 4.6 - 193 km SE of Vilyuchinsk, Russia",4.6,"(160.322, 51.653)"
"M 4.6 - 125 km SE of Petropavlovsk-Kamchatsky, Russia",4.6,"(160.0095, 52.3047)"
"M 4.6 - 2 km NE of Nurdağı, Turkey",4.6,"(36.7595, 37.1871)"
"M 4.6 - 15 km SSE of Conchagua, El Salvador",4.6,"(-87.8212, 13.1789)"
"M 5.8 - 20 km E of Ambon, Indonesia",5.8,"(128.3705, -3.7031)"
"M 4.6 - 60 km NNE of Yigo Village, Guam",4.6,"(145.0534, 14.0582)"
"M 5.4 - 91 km NNW of Ternate, Indonesia",5.4,"(127.1375, 1.5789)"
"M 4.4 - 10 km NNW of San Vito, Costa Rica",4.4,"(-83.0083, 8.9069)"
"M 4.7 - 60 km SSE of Champerico, Guatemala",4.7,"(-91.7998, 13.7603)"
"M 4.5 - 156 km E of Beauséjour, Guadeloupe",4.5,"(-59.614, 16.3093)"
"M 4.3 - 61 km ESE of Hengchun, Taiwan",4.3,"(121.3256, 21.8906)"
M 5.1 - Kermadec Islands region,5.1,"(-178.7643, -31.5946)"
"M 4.8 - 183 km NNE of Palu, Indonesia",4.8,"(120.4607, 0.6368)"
"M 4.7 - 56 km ENE of Norsup, Vanuatu",4.7,"(167.8391, -15.7885)"
"M 4.2 - 121 km SSW of Nikolski, Alaska",4.2,"(-169.6301, 51.9578)"
M 5.0 - South Sandwich Islands region,5.0,"(-25.1924, -57.9631)"
"M 4.8 - 142 km W of Tobelo, Indonesia",4.8,"(126.7528, 1.959)"
"M 4.4 - 205 km WSW of Puerto, Chile",4.4,"(-72.027, -20.7815)"
"M 4.5 - 83 km N of Turpan, China",4.5,"(89.1601, 43.7021)"
"M 4.1 - 83 km WNW of Kirakira, Solomon Islands",4.1,"(161.181, -10.2833)"
M 4.9 - southeast of the Loyalty Islands,4.9,"(171.571, -22.8411)"
"M 4.8 - Kermadec Islands, New Zealand",4.8,"(-178.1983, -30.5689)"
"M 4.9 - 152 km SE of Vilyuchinsk, Russia",4.9,"(159.7755, 51.8418)"
"M 4.3 - 20 km SSW of Sitia, Greece",4.3,"(26.0513, 35.0261)"
"M 4.6 - 113 km NE of Alotau, Papua New Guinea",4.6,"(151.1839, -9.589)"
"M 4.5 - 26 km ENE of Hualien City, Taiwan",4.5,"(121.8366, 24.0925)"
"M 4.6 - 27 km ENE of Hualien City, Taiwan",4.6,"(121.8539, 24.0608)"
M 4.9 - south of the Fiji Islands,4.9,"(-176.8865, -24.072)"
"M 4.5 - 7 km NNW of La Reforma, Mexico",4.5,"(-97.8718, 16.6849)"
"M 5.0 - 131 km WSW of Lebu, Chile",5.0,"(-75.1065, -37.8809)"
"M 5.0 - 133 km ESE of Yamada, Japan",5.0,"(143.4678, 39.2352)"
"M 5.0 - 34 km NNE of Yaguaraparo, Venezuela",5.0,"(-62.7566, 10.8709)"
"M 5.4 - 57 km WSW of Puerto Cortés, Costa Rica",5.4,"(-84.0158, 8.7898)"
M 4.8 - West Chile Rise,4.8,"(-91.4641, -40.3808)"
"M 4.1 - 89 km NNE of Taltal, Chile",4.1,"(-70.1632, -24.6548)"
"M 4.1 - 7 km W of Templeton, CA",4.1,"(-120.78783333333, 35.552833333333)"
"M 4.4 - 114 km SW of Bushehr, Iran",4.4,"(50.0569, 28.1992)"
M 5.3 - Mid-Indian Ridge,5.3,"(65.7397, -11.9799)"
M 4.7 - south of the Fiji Islands,4.7,"(-179.6169, -23.2181)"
"M 4.2 - 16 km E of Ventotene, Italy",4.2,"(13.6198, 40.774)"
M 4.4 - Banda Sea,4.4,"(129.7785, -6.0388)"
"M 4.8 - 105 km ENE of Hachinohe, Japan",4.8,"(142.6233, 40.9125)"
"M 4.9 - 76 km WNW of San Antonio de los Cobres, Argentina",4.9,"(-67.0524, -24.0795)"
"M 4.5 - 96 km SSE of Sand Point, Alaska",4.5,"(-160.032, 54.5099)"
M 4.2 - western Xizang,4.2,"(84.5712, 32.6106)"
"M 4.5 - 44 km ESE of Yamada, Japan",4.5,"(142.4373, 39.3231)"
"M 4.9 - Kermadec Islands, New Zealand",4.9,"(-177.931, -30.4145)"
"M 4.6 - 160 km NNW of Sola, Vanuatu",4.6,"(167.1519, -12.4816)"
"M 4.3 - 75 km W of San Antonio de los Cobres, Argentina",4.3,"(-67.0505, -24.087)"
"M 4.2 - 22 km NE of Puyo, Ecuador",4.2,"(-77.8529, -1.3477)"
"M 4.5 - 11 km WSW of Āwash, Ethiopia",4.5,"(40.0784, 8.9288)"
"M 4.5 - 29 km WNW of Skýros, Greece",4.5,"(24.268, 39.0421)"
"M 5.2 - 108 km E of Miyako, Japan",5.2,"(143.1957, 39.7568)"
"M 4.7 - 52 km WSW of Puerto Cortés, Costa Rica",4.7,"(-83.9849, 8.8413)"
"M 5.3 - 12 km WSW of Ciudad Sandino, Nicaragua",5.3,"(-86.4514, 12.1277)"
"M 5.3 - 61 km SW of Modisi, Indonesia",5.3,"(124.0046, 0.106)"
"M 4.9 - 90 km SE of Vilyuchinsk, Russia",4.9,"(159.1781, 52.2687)"
"M 4.6 - 6 km NW of Bagalangit, Philippines",4.6,"(120.8377, 13.7424)"
M 5.0 - Balleny Islands region,5.0,"(159.6597, -61.1895)"
"M 4.3 - 7 km SW of Préveza, Greece",4.3,"(20.6838, 38.9137)"
M 4.2 - south of the Fiji Islands,4.2,"(179.1443, -25.1755)"
"M 4.7 - 87 km NW of Puerto Villamil, Ecuador",4.7,"(-91.5254, -0.4042)"
"M 4.2 - 35 km SSW of Puerto El Triunfo, El Salvador",4.2,"(-88.7179, 13.0107)"
M 5.0 - central East Pacific Rise,5.0,"(-106.3645, -11.0885)"
M 5.2 - Revilla Gigedo Islands region,5.2,"(-108.9437, 19.4971)"
"M 5.0 - 144 km S of ‘Ohonua, Tonga",5.0,"(-175.0605, -22.6382)"
"M 4.6 - 197 km SSE of Vilyuchinsk, Russia",4.6,"(159.4841, 51.2894)"
"M 4.3 - Rat Islands, Aleutian Islands, Alaska",4.3,"(178.5993, 51.7501)"
"M 4.6 - 101 km NE of Kainantu, Papua New Guinea",4.6,"(146.6137, -5.7655)"
"M 4.3 - 266 km WNW of Ozernovskiy, Russia",4.3,"(152.8666, 52.3141)"
"M 4.2 - 2 km SE of Luperón, Dominican Republic",4.2,"(-70.9459, 19.8769)"
"M 4.5 - 85 km N of Thang, India",4.5,"(76.8786, 35.6915)"
"M 5.1 - 207 km SE of Severo-Kuril’sk, Russia",5.1,"(157.8808, 49.1894)"
"M 4.9 - 156 km SW of Panguna, Papua New Guinea",4.9,"(154.5565, -7.3869)"
"M 4.4 - 43 km ESE of Severo-Kuril’sk, Russia",4.4,"(156.7235, 50.5684)"
"M 4.5 - 241 km E of Levuka, Fiji",4.5,"(-178.4019, -17.9709)"
M 4.5 - Greenland Sea,4.5,"(6.9192, 73.2163)"
"M 4.5 - 140 km E of Miyako, Japan",4.5,"(143.5732, 39.6051)"
"M 4.5 - 24 km SSE of Buenos Aires, Costa Rica",4.5,"(-83.2134, 8.991)"
"M 4.7 - 73 km NNW of Port-Olry, Vanuatu",4.7,"(166.7849, -14.4413)"
"M 4.8 - 168 km WSW of Merizo Village, Guam",4.8,"(143.1855, 12.8198)"
"M 4.3 - 22 km SE of El Triunfo ( El Cruce), Peru",4.3,"(-71.7291, -16.6607)"
"M 4.5 - 1 km NE of Nangan, Philippines",4.5,"(126.1312, 6.4806)"
"M 4.8 - 89 km E of Petropavlovsk-Kamchatsky, Russia",4.8,"(159.9611, 53.1178)"
M 5.0 - South Sandwich Islands region,5.0,"(-27.5092, -55.3578)"
"M 4.4 - 148 km W of Lata, Solomon Islands",4.4,"(164.437, -10.7664)"
"M 4.3 - 25 km WNW of Takayama, Japan",4.3,"(136.9821, 36.2129)"
"M 4.7 - 107 km E of Miyako, Japan",4.7,"(143.1899, 39.7006)"
"M 4.1 - 115 km W of San Antonio de los Cobres, Argentina",4.1,"(-67.4581, -24.2026)"
"M 4.6 - 73 km W of Ovalle, Chile",4.6,"(-71.9602, -30.6399)"
"M 4.9 - 73 km WNW of Houma, Tonga",4.9,"(-175.9884, -20.9946)"
"M 4.9 - 162 km E of Beauséjour, Guadeloupe",4.9,"(-59.5583, 16.3861)"
"M 4.5 - 231 km E of Kuril’sk, Russia",4.5,"(150.8097, 45.4818)"
"M 4.5 - 31 km N of Naisano Dua, Indonesia",4.5,"(123.8219, -9.3209)"
"M 4.1 - 40 km NNE of Moosonee, Canada",4.1,"(-80.361, 51.6049)"
"M 4.5 - 290 km WNW of Houma, Tonga",4.5,"(-177.9769, -20.4225)"
"M 4.2 - 70 km E of Arica, Chile",4.2,"(-69.6391, -18.3937)"
"M 4.5 - 9 km SE of Sındırgı, Turkey",4.5,"(28.2489, 39.1713)"
"M 4.9 - 212 km WNW of Hihifo, Tonga",4.9,"(-175.7445, -15.5761)"
"M 4.9 - 7 km SSE of Hagdan, Philippines",4.9,"(123.9147, 11.2674)"
"M 4.5 - 64 km NNW of San Antonio de los Cobres, Argentina",4.5,"(-66.512, -23.6605)"
"M 5.0 - 79 km WSW of Vallenar, Chile",5.0,"(-71.5292, -28.7985)"
"M 5.4 - 200 km SE of Sarangani, Philippines",5.4,"(126.6556, 4.0381)"
"M 4.3 - 296 km W of Adak, Alaska",4.3,"(179.0917, 52.2648)"
"M 4.7 - 104 km SSW of Tual, Indonesia",4.7,"(132.4056, -6.5098)"
"M 4.7 - 38 km ENE of Yilan, Taiwan",4.7,"(122.1276, 24.8273)"
"M 5.7 - 219 km WNW of Hihifo, Tonga",5.7,"(-175.7314, -15.3184)"
"M 4.8 - 138 km E of Severo-Kuril’sk, Russia",4.8,"(158.0708, 50.5075)"
"M 5.2 - 144 km E of Severo-Kuril’sk, Russia",5.2,"(158.1681, 50.5729)"
"M 4.7 - 86 km E of Tomioka, Japan",4.7,"(141.9915, 37.3022)"
M 4.9 - Reykjanes Ridge,4.9,"(-34.839, 52.6829)"
"M 4.7 - 77 km ESE of Tomioka, Japan",4.7,"(141.8347, 37.0946)"
"M 4.9 - 92 km E of Port-Olry, Vanuatu",4.9,"(167.9295, -14.9404)"
"M 5.2 - 156 km E of Severo-Kuril’sk, Russia",5.2,"(158.3043, 50.4433)"
"M 4.7 - 63 km SSE of Ierápetra, Greece",4.7,"(26.0179, 34.4831)"
"M 4.5 - 153 km E of Beauséjour, Guadeloupe",4.5,"(-59.6455, 16.479)"
"M 4.5 - 50 km SE of Londres, Argentina",4.5,"(-66.7724, -28.0392)"
"M 4.4 - 88 km W of Neiafu, Tonga",4.4,"(-174.8035, -18.7989)"
M 5.0 - central Mid-Atlantic Ridge,5.0,"(-33.9398, 6.9697)"
"M 4.4 - Rat Islands, Aleutian Islands, Alaska",4.4,"(178.0589, 51.88)"
"M 4.4 - Rat Islands, Aleutian Islands, Alaska",4.4,"(177.99983215332, 51.735084533691)"
"M 4.3 - 136 km ESE of Petropavlovsk-Kamchatsky, Russia",4.3,"(160.4473, 52.529)"
"M 4.3 - 6 km S of Ouranoupolis, Greece",4.3,"(23.973, 40.2781)"
"M 4.5 - 224 km ENE of Levuka, Fiji",4.5,"(-178.6225, -17.6019)"
"M 5.3 - 139 km E of Yamada, Japan",5.3,"(143.561, 39.3021)"
"M 4.3 - 133 km ESE of Petropavlovsk-Kamchatsky, Russia",4.3,"(160.4973, 52.6626)"
"M 4.4 - 132 km SW of Hihifo, Tonga",4.4,"(-174.5149, -16.931)"
"M 4.7 - 17 km W of Bacnotan, Philippines",4.7,"(120.1858, 16.7356)"
"M 4.7 - 90 km NE of Yelizovo, Russia",4.7,"(159.3722, 53.7427)"
M 5.7 - Pacific-Antarctic Ridge,5.7,"(-142.0685, -56.6966)"
"M 4.6 - 5 km SSE of Koloni, Cyprus",4.6,"(32.4866, 34.7062)"
"M 4.8 - 26 km ENE of Atico, Peru",4.8,"(-73.3806, -16.1622)"
"M 4.5 - 5 km E of Manaca Norte, Panama",4.5,"(-82.7606, 8.3448)"
"M 4.5 - 90 km NNW of San Antonio de los Cobres, Argentina",4.5,"(-66.6103, -23.4463)"
"M 4.4 - 150 km E of Yamada, Japan",4.4,"(143.6828, 39.3296)"
"M 4.6 - 104 km E of Miyako, Japan",4.6,"(143.1601, 39.6503)"
M 4.6 - Davis Strait,4.6,"(-58.4999, 60.3503)"
M 4.8 - Davis Strait,4.8,"(-58.3956, 60.2011)"
"M 4.8 - 25 km E of Camiña, Chile",4.8,"(-69.1854, -19.3173)"
"M 4.4 - 249 km E of Levuka, Fiji",4.4,"(-178.3402, -18.3578)"
"M 5.1 - 260 km N of Tobelo, Indonesia",5.1,"(127.8538, 4.0816)"
"M 4.7 - 55 km NNW of Tarama, Japan",4.7,"(124.4233, 25.1006)"
"M 4.6 - 11 km SSW of Bigadiç, Turkey",4.6,"(28.0624, 39.3002)"
"M 4.2 - 52 km SE of Vilyuchinsk, Russia",4.2,"(158.922, 52.5792)"
"M 4.7 - 93 km NE of Hasaki, Japan",4.7,"(141.6299, 36.2717)"
"M 4.4 - 264 km WNW of Houma, Tonga",4.4,"(-177.5723, -20.1087)"
"M 4.6 - 166 km NNW of Caluula, Somalia",4.6,"(49.9878, 13.2628)"
"M 4.4 - 183 km W of Abepura, Indonesia",4.4,"(138.9812, -2.5436)"
"M 4.6 - 117 km E of Yamada, Japan",4.6,"(143.3098, 39.4911)"
"M 4.3 - 161 km E of Yamada, Japan",4.3,"(143.8234, 39.4055)"
"M 4.4 - 61 km ESE of Xam Nua, Laos",4.4,"(104.54, 20.1109)"
"M 4.4 - 123 km NNW of Caluula, Somalia",4.4,"(50.18, 12.93)"
"M 4.4 - 100 km SE of Chignik, Alaska",4.4,"(-157.3916, 55.5919)"
"M 5.3 - 3 km SE of Meládeia, Cyprus",5.3,"(32.5382, 34.9696)"
"M 4.8 - 34 km E of Camiña, Chile",4.8,"(-69.0997, -19.3131)"
M 4.7 - South Sandwich Islands region,4.7,"(-23.9132, -56.7633)"
"M 5.1 - 107 km WNW of Basco, Philippines",5.1,"(121.0642, 20.9167)"
"M 4.8 - 74 km ENE of Finschhafen, Papua New Guinea",4.8,"(148.4778, -6.3243)"
"M 4.4 - 0 km NNW of Tála, Cyprus",4.4,"(32.4294, 34.8421)"
"M 4.7 - 4 km ESE of Koloni, Cyprus",4.7,"(32.5043, 34.7292)"
"M 5.2 - 2 km ESE of Konia, Cyprus",5.2,"(32.4841, 34.7782)"
"M 4.2 - 297 km WNW of Barview, Oregon",4.2,"(-127.8539, 44.104)"
M 5.7 - Greenland Sea,5.7,"(6.9306, 73.2435)"
M 4.1 - Greenland Sea,4.1,"(6.2648, 73.1692)"
M 4.6 - southeast of Easter Island,4.6,"(-90.9222, -41.0976)"
M 4.9 - southeast of Easter Island,4.9,"(-91.5155, -41.0615)"
M 5.0 - South Sandwich Islands region,5.0,"(-26.9473, -55.3317)"
"M 4.9 - 143 km E of Miyako, Japan",4.9,"(143.6084, 39.7189)"
"M 5.1 - 29 km NE of Goroka, Papua New Guinea",5.1,"(145.5585, -5.8826)"
"M 4.7 - 157 km SE of Petropavlovsk-Kamchatsky, Russia",4.7,"(160.1753, 52.0119)"
"M 5.3 - 111 km E of Miyako, Japan",5.3,"(143.2264, 39.7951)"
"M 4.2 - 175 km E of Yamada, Japan",4.2,"(143.9863, 39.3398)"
"M 4.4 - 137 km SW of Zangguy, China",4.4,"(77.8477, 36.2886)"
"M 4.3 - 173 km SW of Palaióchora, Greece",4.3,"(22.1086, 34.3515)"
M 4.2 - Fiji region,4.2,"(-178.7571, -20.6799)"
"M 4.2 - 79 km SW of Pagar Alam, Indonesia",4.2,"(102.7687, -4.5586)"
"M 4.2 - 4 km W of Funaishikawa, Japan",4.2,"(140.5221, 36.4732)"
"M 5.1 - 135 km ENE of Tual, Indonesia",5.1,"(133.9518, -5.3909)"
M 4.5 - West Chile Rise,4.5,"(-85.6212, -41.2422)"
"M 4.6 - 7 km SW of Kosonsoy, Uzbekistan",4.6,"(71.4911, 41.1968)"
M 4.3 - Fiji region,4.3,"(-179.0154, -21.3242)"
"M 4.7 - 242 km N of Fais, Micronesia",4.7,"(140.5932, 11.9551)"
M 4.6 - south of the Fiji Islands,4.6,"(179.8323, -25.0832)"
"M 4.3 - 71 km SE of Apolinario Saravia, Argentina",4.3,"(-63.4458, -24.8395)"
"M 4.6 - 106 km E of Yamada, Japan",4.6,"(143.1805, 39.5501)"
"M 4.8 - 30 km ESE of Camiña, Chile",4.8,"(-69.1456, -19.3952)"
"M 4.6 - 22 km ESE of Camiña, Chile",4.6,"(-69.2223, -19.3883)"
"M 4.5 - 73 km ESE of Ozernovskiy, Russia",4.5,"(157.4583, 51.2149)"
"M 4.8 - 20 km E of Chiguata, Peru",4.8,"(-71.208, -16.3723)"
"M 5.0 - 134 km NE of Crane, Barbados",5.0,"(-58.4616, 13.8471)"
"M 4.9 - 63 km W of Kíssamos, Greece",4.9,"(22.9575, 35.4769)"
"M 4.1 - 14 km WSW of Sındırgı, Turkey",4.1,"(28.0144, 39.2154)"
"M 4.3 - Kepulauan Babar, Indonesia",4.3,"(129.4542, -7.213)"
"M 4.5 - 31 km ESE of Lospalos, Timor Leste",4.5,"(127.2369, -8.68)"
"M 4.3 - 133 km NNE of Lospalos, Timor Leste",4.3,"(127.5657, -7.4528)"
"M 4.2 - 180 km WSW of Palaióchora, Greece",4.2,"(21.9662, 34.4216)"
"M 4.3 - 65 km WNW of Kupang, Indonesia",4.3,"(123.0308, -10.0106)"
"M 4.2 - 136 km N of Lobuche, Nepal",4.2,"(86.8367, 29.1757)"
"M 4.4 - 102 km E of Miyako, Japan",4.4,"(143.1302, 39.6075)"
"M 4.4 - 150 km E of Beauséjour, Guadeloupe",4.4,"(-59.6718, 16.3751)"
"M 4.4 - 8 km WNW of Sındırgı, Turkey",4.4,"(28.09, 39.2736)"
"M 4.5 - 147 km E of Yamada, Japan",4.5,"(143.6528, 39.34)"
"M 4.5 - Nicobar Islands, India region",4.5,"(91.8312, 8.0905)"
"M 4.3 - 11 km WNW of Tocota, Peru",4.3,"(-74.1901, -15.612)"
M 4.9 - Banda Sea,4.9,"(130.135, -6.3713)"
M 4.3 - northern Mid-Atlantic Ridge,4.3,"(-42.6348, 10.5892)"
"M 4.5 - 206 km SSE of Attu Station, Alaska",4.5,"(174.8322, 51.2873)"
"M 4.6 - 58 km WNW of Turangi, New Zealand",4.6,"(175.1505, -38.8867)"
"M 4.2 - Pagan region, Northern Mariana Islands",4.2,"(146.3914, 18.3051)"
"M 4.7 - 169 km SE of Isen, Japan",4.7,"(130.1808, 26.6277)"
"M 4.3 - 119 km SE of Pangai, Tonga",4.3,"(-173.6545, -20.6644)"
"M 4.8 - 9 km WSW of Sındırgı, Turkey",4.8,"(28.0825, 39.208)"
M 4.9 - northern Mid-Atlantic Ridge,4.9,"(-42.6107, 10.5647)"
"M 4.0 - 147 km S of Ushuaia, Argentina",4.0,"(-68.3922, -56.135)"
"M 4.0 - 41 km NE of Naisano Dua, Indonesia",4.0,"(124.0143, -9.3174)"
M 4.1 - Greenland Sea,4.1,"(6.8643, 73.2858)"
"M 4.1 - 129 km E of Yamada, Japan",4.1,"(143.4536, 39.4944)"
M 4.5 - Greenland Sea,4.5,"(6.5925, 73.2204)"
M 4.2 - western Indian-Antarctic Ridge,4.2,"(116.1423, -47.7893)"
"M 4.0 - 132 km E of Miyako, Japan",4.0,"(143.4862, 39.6107)"
"M 4.1 - 65 km SW of Khārk, Iran",4.1,"(49.8132, 28.8809)"
"M 5.4 - 21 km N of Antofagasta, Chile",5.4,"(-70.4226, -23.4587)"
"M 5.2 - 111 km E of Yamada, Japan",5.2,"(143.2359, 39.5773)"
"M 4.4 - 212 km SW of Tual, Indonesia",4.4,"(131.4653, -7.0505)"
"M 4.5 - 33 km WNW of Finschhafen, Papua New Guinea",4.5,"(147.5559, -6.4619)"
"M 4.9 - 34 km SE of Chos Malal, Argentina",4.9,"(-69.999, -37.595)"
"M 4.7 - 134 km E of Yamada, Japan",4.7,"(143.5063, 39.5397)"
"M 6.0 - 120 km E of Yamada, Japan",6.0,"(143.3467, 39.542)"
"M 5.1 - 142 km E of Yamada, Japan",5.1,"(143.5953, 39.5799)"
"M 4.7 - 13 km SSE of Sındırgı, Turkey",4.7,"(28.2428, 39.1264)"
"M 4.8 - 134 km E of Yamada, Japan",4.8,"(143.5042, 39.3126)"
"M 5.1 - 18 km ENE of Yujing, Taiwan",5.1,"(120.6375, 23.1658)"
"M 5.4 - 101 km ESE of Yamada, Japan",5.4,"(143.0791, 39.1968)"
"M 4.8 - 6 km WNW of Sındırgı, Turkey",4.8,"(28.1111, 39.2617)"
"M 4.3 - 4 km WNW of Sındırgı, Turkey",4.3,"(28.1384, 39.26)"
"M 4.5 - 130 km E of Miyako, Japan",4.5,"(143.4483, 39.7714)"
"M 5.3 - 143 km E of Yamada, Japan",5.3,"(143.5868, 39.2429)"
"M 4.7 - 95 km E of Yamada, Japan",4.7,"(143.0547, 39.4785)"
"M 4.4 - 59 km NE of Kinablangan, Philippines",4.4,"(126.9915, 8.0041)"
"M 4.5 - 172 km NW of Antofagasta de la Sierra, Argentina",4.5,"(-68.7546, -25.0921)"
"M 4.5 - 57 km WSW of Tobelo, Indonesia",4.5,"(127.554, 1.4804)"
"M 4.3 - 43 km WSW of Ollagüe, Chile",4.3,"(-68.6539, -21.3487)"
"M 4.4 - 157 km E of Petropavlovsk-Kamchatsky, Russia",4.4,"(160.9443, 52.867)"
"M 5.4 - 23 km NNW of Yigo Village, Guam",5.4,"(144.8325, 13.7392)"
"M 4.5 - 146 km E of Yamada, Japan",4.5,"(143.6544, 39.4894)"
"M 4.9 - 119 km E of Miyako, Japan",4.9,"(143.3273, 39.6044)"
"M 4.2 - 132 km NW of Türkmenbaşy, Turkmenistan",4.2,"(51.8976, 40.8954)"
"M 4.6 - 6 km W of Sındırgı, Turkey",4.6,"(28.1083, 39.2426)"
"M 5.1 - 141 km E of Yamada, Japan",5.1,"(143.585, 39.3714)"
"M 4.3 - 116 km E of Miyako, Japan",4.3,"(143.294, 39.7478)"
"M 4.4 - 113 km E of Yamada, Japan",4.4,"(143.2703, 39.5558)"
"M 4.3 - 143 km SSE of Vilyuchinsk, Russia",4.3,"(159.3162, 51.7672)"
"M 4.3 - 132 km E of Yamada, Japan",4.3,"(143.4847, 39.4367)"
"M 4.5 - 141 km E of Yamada, Japan",4.5,"(143.588, 39.3832)"
"M 4.3 - 114 km SE of Port-Vila, Vanuatu",4.3,"(169.0319, -18.5146)"
"M 4.8 - 67 km W of San Antonio de los Cobres, Argentina",4.8,"(-66.9839, -24.2567)"
"M 4.5 - 131 km E of Yamada, Japan",4.5,"(143.4719, 39.5763)"
"M 5.0 - 117 km E of Yamada, Japan",5.0,"(143.3113, 39.5017)"
"M 4.8 - 109 km E of Yamada, Japan",4.8,"(143.2213, 39.5608)"
"M 4.4 - 240 km SSW of Severo-Kuril’sk, Russia",4.4,"(154.5091, 48.7866)"
"M 4.4 - 131 km E of Yamada, Japan",4.4,"(143.482, 39.4537)"
"M 4.3 - 137 km E of Miyako, Japan",4.3,"(143.5386, 39.6429)"
M 5.0 - Pacific-Antarctic Ridge,5.0,"(-128.5088, -55.4191)"
"M 4.8 - 116 km E of Miyako, Japan",4.8,"(143.2817, 39.8236)"
M 4.4 - Fiji region,4.4,"(-177.721, -18.6281)"
"M 4.2 - 180 km E of Atka, Alaska",4.2,"(-171.5926, 52.4608)"
M 4.2 - south of the Fiji Islands,4.2,"(179.5498, -21.8007)"
"M 4.5 - 284 km SSW of Severo-Kuril’sk, Russia",4.5,"(154.4722, 48.3525)"
"M 4.5 - 119 km E of Yamada, Japan",4.5,"(143.3376, 39.4977)"
"M 4.8 - 73 km SW of Huanchaquito Alto, Peru",4.8,"(-79.5675, -8.5607)"
"M 4.5 - 115 km E of Yamada, Japan",4.5,"(143.2721, 39.3193)"
"M 4.5 - 132 km E of Yamada, Japan",4.5,"(143.4837, 39.4343)"
"M 4.3 - 124 km E of Yamada, Japan",4.3,"(143.3881, 39.578)"
"M 4.5 - 205 km ESE of Ozernovskiy, Russia",4.5,"(159.3957, 51.1478)"
"M 5.3 - 180 km SSE of Vilyuchinsk, Russia",5.3,"(159.6093, 51.4862)"
"M 5.2 - 142 km E of Yamada, Japan",5.2,"(143.5875, 39.3041)"
"M 4.0 - 92 km E of Miyako, Japan",4.0,"(143.0199, 39.6898)"
"M 4.2 - 128 km E of Yamada, Japan",4.2,"(143.4346, 39.5683)"
"M 4.3 - 133 km E of Yamada, Japan",4.3,"(143.497, 39.5326)"
"M 4.6 - 125 km E of Miyako, Japan",4.6,"(143.3965, 39.5935)"
"M 4.0 - 149 km E of Yamada, Japan",4.0,"(143.6854, 39.4037)"
"M 4.4 - 132 km E of Yamada, Japan",4.4,"(143.4883, 39.4338)"
"M 4.2 - 119 km E of Yamada, Japan",4.2,"(143.3346, 39.4285)"
"M 4.3 - 134 km E of Yamada, Japan",4.3,"(143.5073, 39.4321)"
"M 5.1 - 132 km E of Yamada, Japan",5.1,"(143.4882, 39.3819)"
"M 4.7 - 189 km WSW of Nikolski, Alaska",4.7,"(-171.3565, 52.1643)"
"M 4.6 - 128 km E of Yamada, Japan",4.6,"(143.4448, 39.4081)"
"M 5.7 - 129 km E of Miyako, Japan",5.7,"(143.4497, 39.612)"
"M 4.6 - 105 km E of Yamada, Japan",4.6,"(143.1701, 39.395)"
"M 4.6 - 127 km E of Yamada, Japan",4.6,"(143.4333, 39.4297)"
"M 4.6 - 185 km ENE of Nabire, Indonesia",4.6,"(137.0708, -2.7944)"
"M 5.0 - 121 km E of Yamada, Japan",5.0,"(143.3524, 39.3415)"
"M 4.5 - 129 km E of Miyako, Japan",4.5,"(143.4472, 39.6555)"
"M 5.4 - 124 km E of Yamada, Japan",5.4,"(143.398, 39.4872)"
"M 6.4 - 121 km E of Yamada, Japan",6.4,"(143.3632, 39.4662)"
"M 5.2 - 125 km E of Yamada, Japan",5.2,"(143.398, 39.3438)"
"M 5.6 - 125 km E of Yamada, Japan",5.6,"(143.4138, 39.4641)"
"M 4.3 - 136 km E of Yamada, Japan",4.3,"(143.5313, 39.5622)"
"M 4.6 - 149 km SSE of Vilyuchinsk, Russia",4.6,"(159.1818, 51.6758)"
"M 4.7 - 189 km SSE of Vilyuchinsk, Russia",4.7,"(159.6317, 51.4038)"
"M 5.9 - 127 km E of Yamada, Japan",5.9,"(143.4278, 39.3606)"
"M 5.5 - 107 km E of Yamada, Japan",5.5,"(143.1905, 39.5755)"
"M 5.3 - 120 km E of Miyako, Japan",5.3,"(143.3411, 39.6279)"
"M 6.8 - 126 km E of Yamada, Japan",6.8,"(143.4108, 39.3957)"
"M 4.0 - 98 km ESE of Adak, Alaska",4.0,"(-175.28, 51.5883)"
"M 4.4 - 111 km E of Yamada, Japan",4.4,"(143.2433, 39.5869)"
"M 4.5 - 28 km SSW of La Horqueta (Poblado Doce), Mexico",4.5,"(-94.3427, 16.9922)"
"M 5.5 - 147 km NE of Port Blair, India",5.5,"(93.7981, 12.5088)"
"M 4.3 - 77 km SW of Kokopo, Papua New Guinea",4.3,"(151.8547, -4.9105)"
M 4.3 - Owen Fracture Zone region,4.3,"(60.213, 17.6627)"
M 4.9 - central East Pacific Rise,4.9,"(-108.8322, -8.9619)"
M 4.5 - southern Mid-Atlantic Ridge,4.5,"(-14.2669, -16.5507)"
"M 4.3 - 161 km ESE of Saipan, Northern Mariana Islands",4.3,"(147.1967, 14.8175)"
"M 4.5 - 29 km S of Shizunai-furukawachō, Japan",4.5,"(142.3663, 42.0641)"
M 4.5 - Fiji region,4.5,"(-178.3716, -20.5545)"
"M 4.6 - 114 km E of Yamada, Japan",4.6,"(143.2742, 39.3627)"
"M 4.9 - 35 km SSW of Puerto El Triunfo, El Salvador",4.9,"(-88.7187, 13.0078)"
"M 4.6 - 153 km SSE of Vilyuchinsk, Russia",4.6,"(159.1623, 51.6277)"
"M 5.1 - 120 km E of Yamada, Japan",5.1,"(143.3494, 39.4432)"
"M 4.2 - 127 km E of Yamada, Japan",4.2,"(143.4222, 39.5694)"
M 4.2 - Kuril Islands,4.2,"(152.5664, 47.3687)"
"M 4.3 - 132 km E of Yamada, Japan",4.3,"(143.4878, 39.3658)"
"M 4.2 - 150 km E of Yamada, Japan",4.2,"(143.6802, 39.2718)"
"M 4.3 - 131 km E of Yamada, Japan",4.3,"(143.4825, 39.517)"
"M 5.1 - 116 km E of Yamada, Japan",5.1,"(143.3033, 39.4961)"
"M 5.1 - 132 km E of Yamada, Japan",5.1,"(143.4863, 39.3567)"
"M 4.7 - 111 km E of Yamada, Japan",4.7,"(143.2437, 39.4008)"
"M 5.5 - 126 km E of Yamada, Japan",5.5,"(143.4156, 39.4941)"
"M 4.8 - 143 km N of Sola, Vanuatu",4.8,"(167.6399, -12.5795)"
"M 5.0 - 219 km SE of Hihifo, Tonga",5.0,"(-172.3713, -17.3913)"
"M 4.1 - 93 km E of Yamada, Japan",4.1,"(143.0305, 39.5659)"
"M 4.3 - 266 km S of Ushuaia, Argentina",4.3,"(-68.3105, -57.2058)"
"M 4.4 - 3 km NE of Chikusei, Japan",4.4,"(140.0067, 36.3432)"
"M 4.3 - 91 km E of Miyako, Japan",4.3,"(143.012, 39.6325)"
"M 5.4 - 119 km E of Yamada, Japan",5.4,"(143.3379, 39.4294)"
"M 4.0 - 268 km E of Levuka, Fiji",4.0,"(-178.145, -18.1459)"
"M 5.2 - 115 km E of Yamada, Japan",5.2,"(143.2912, 39.5743)"
"M 4.3 - Kepulauan Babar, Indonesia",4.3,"(129.6041, -7.0442)"
"M 4.2 - 102 km SSE of Sand Point, Alaska",4.2,"(-160.0347, 54.4568)"
M 4.8 - South Sandwich Islands region,4.8,"(-25.7724, -58.9258)"
M 4.3 - Fiji region,4.3,"(-178.6741, -20.7444)"
"M 4.6 - 118 km NW of Sola, Vanuatu",4.6,"(166.8953, -13.0225)"
"M 4.1 - 66 km NNE of Calama, Chile",4.1,"(-68.5952, -21.9385)"
M 4.4 - Kermadec Islands region,4.4,"(-179.8358, -27.6801)"
"M 4.5 - 35 km ESE of Xunsi, China",4.5,"(104.8863, 27.9568)"
"M 4.1 - 149 km SSE of Vilyuchinsk, Russia",4.1,"(159.1797, 51.6741)"
M 4.3 - south of the Fiji Islands,4.3,"(179.0167, -23.0538)"
"M 4.5 - 116 km E of Yamada, Japan",4.5,"(143.3003, 39.4283)"
M 4.2 - south of the Fiji Islands,4.2,"(179.9188, -23.8486)"
"M 4.6 - 174 km SSE of Vilyuchinsk, Russia",4.6,"(159.6469, 51.5579)"
"M 4.2 - 61 km ESE of Onagawa Chō, Japan",4.2,"(142.1075, 38.2645)"
"M 4.0 - 20 km ENE of Tarakan, Indonesia",4.0,"(117.7668, 3.36)"
"M 4.0 - 39 km WNW of Fry, Greece",4.0,"(26.5019, 35.5143)"
"M 4.5 - 114 km E of Yamada, Japan",4.5,"(143.2757, 39.4388)"
"M 4.5 - 122 km ESE of Kuril’sk, Russia",4.5,"(149.411, 45.0117)"
"M 4.5 - 191 km SSE of Ust’-Kamchatsk Staryy, Russia",4.5,"(164.1397, 54.7937)"
"M 4.2 - 82 km NE of San Felipe, Chile",4.2,"(-70.1888, -32.1642)"
"M 4.5 - 97 km ENE of Petropavlovsk-Kamchatsky, Russia",4.5,"(159.9742, 53.3909)"
"M 4.6 - 107 km E of Petropavlovsk-Kamchatsky, Russia",4.6,"(160.224, 53.1411)"
"M 4.6 - 55 km S of Boca Chica, Panama",4.6,"(-82.2188, 7.7213)"
M 5.6 - Fiji region,5.6,"(-177.7963, -18.5429)"
"M 4.9 - 118 km E of Yamada, Japan",4.9,"(143.3251, 39.4454)"
"M 4.9 - 124 km E of Yamada, Japan",4.9,"(143.3923, 39.4871)"
M 5.0 - southern Mid-Atlantic Ridge,5.0,"(-16.221, -17.5274)"
"M 4.9 - 145 km E of Beauséjour, Guadeloupe",4.9,"(-59.7104, 16.3742)"
"M 4.3 - 17 km ESE of Ziarat, Pakistan",4.3,"(67.8799, 30.2993)"
"M 4.0 - 87 km ESE of Kimbe, Papua New Guinea",4.0,"(150.7987, -5.9896)"
"M 4.4 - 103 km E of Petropavlovsk-Kamchatsky, Russia",4.4,"(160.143, 53.2301)"
"M 4.4 - 51 km SSE of Vilyuchinsk, Russia",4.4,"(158.7781, 52.5256)"
M 4.5 - south of the Fiji Islands,4.5,"(179.9723, -23.4136)"
"M 4.5 - 251 km E of Levuka, Fiji",4.5,"(-178.3136, -17.8848)"
"M 4.1 - 71 km E of Shikotan, Russia",4.1,"(147.5989, 43.9036)"
"M 4.6 - Izu Islands, Japan region",4.6,"(143.456, 29.2651)"
"M 4.9 - 298 km SE of Isangel, Vanuatu",4.9,"(171.4801, -21.2697)"
"M 4.7 - 164 km SSW of Port-Vila, Vanuatu",4.7,"(167.4547, -18.9716)"
"M 4.7 - 189 km ESE of Kimbe, Papua New Guinea",4.7,"(151.7754, -6.0555)"
"M 4.3 - 41 km SW of Huế, Vietnam",4.3,"(107.3158, 16.2029)"
M 4.9 - north of Ascension Island,4.9,"(-13.0171, -1.046)"
"M 4.4 - 73 km E of Severo-Kuril’sk, Russia",4.4,"(157.1581, 50.6123)"
"M 4.7 - 73 km NNE of Santa Rosalía, Mexico",4.7,"(-111.9257, 27.9346)"
"M 4.5 - 184 km E of Petropavlovsk-Kamchatsky, Russia",4.5,"(161.3712, 53.2136)"
"M 4.9 - 68 km NNE of Santa Rosalía, Mexico",4.9,"(-111.9829, 27.9037)"
"M 5.6 - 71 km NNE of Santa Rosalía, Mexico",5.6,"(-111.9851, 27.9308)"
"M 4.5 - 61 km ENE of Noda, Japan",4.5,"(142.4798, 40.3302)"
"M 4.4 - Izu Islands, Japan region",4.4,"(141.2892, 30.48)"
"M 4.4 - Izu Islands, Japan region",4.4,"(141.6522, 30.6025)"
"M 4.6 - 1 km NE of Villaba, Philippines",4.6,"(124.4023, 11.2212)"
"M 4.5 - 88 km NE of Dicabisagan, Philippines",4.5,"(122.9498, 17.6916)"
"M 4.3 - 168 km ESE of Petropavlovsk-Kamchatsky, Russia",4.3,"(160.9534, 52.5023)"
"M 4.7 - 62 km SSW of ‘Ohonua, Tonga",4.7,"(-175.2898, -21.8135)"
"M 4.2 - 40 km S of Ierápetra, Greece",4.2,"(25.7842, 34.6529)"
"M 4.2 - 52 km E of Ollagüe, Chile",4.2,"(-67.7526, -21.3026)"
"M 4.1 - 188 km SE of Vilyuchinsk, Russia",4.1,"(160.128, 51.6024)"
"M 5.1 - 166 km SE of Petropavlovsk-Kamchatsky, Russia",5.1,"(160.5837, 52.1581)"
"M 4.2 - 139 km SE of Petropavlovsk-Kamchatsky, Russia",4.2,"(160.1556, 52.2207)"
"M 4.4 - 13 km WNW of Tagbubungang Diot, Philippines",4.4,"(124.2865, 11.1509)"
"M 4.1 - 48 km NE of Yigo Village, Guam",4.1,"(145.2105, 13.8374)"
"M 4.2 - 58 km ENE of Palca, Peru",4.2,"(-69.4268, -17.6307)"
"M 4.5 - 5 km ENE of Dasol, Philippines",4.5,"(119.9288, 15.9993)"
"M 4.4 - 244 km E of Levuka, Fiji",4.4,"(-178.3767, -17.9405)"
"M 4.2 - 36 km ESE of Lamitan, Philippines",4.2,"(126.0262, 6.0141)"
"M 4.8 - 80 km SSE of Vilyuchinsk, Russia",4.8,"(158.6541, 52.2214)"
"M 4.9 - Izu Islands, Japan region",4.9,"(141.6528, 30.6526)"
"M 4.4 - 68 km NNE of Santa Rosalía, Mexico",4.4,"(-111.9359, 27.8866)"
"M 4.0 - 90 km SW of Ishigaki, Japan",4.0,"(123.5912, 23.7103)"
"M 4.5 - 38 km SE of Tena, Ecuador",4.5,"(-77.6039, -1.2716)"
"M 4.5 - 135 km SE of Kokopo, Papua New Guinea",4.5,"(153.2645, -5.0504)"
"M 4.3 - 14 km ENE of Mohr, Iran",4.3,"(53.0266, 27.5898)"
"M 4.2 - 130 km E of Petropavlovsk-Kamchatsky, Russia",4.2,"(160.564, 52.9588)"
"M 4.0 - Pagan region, Northern Mariana Islands",4.0,"(145.5497, 18.5271)"
"M 4.5 - 40 km E of Miyazaki, Japan",4.5,"(131.843, 31.8975)"
"M 4.8 - 73 km NNE of Santa Rosalía, Mexico",4.8,"(-111.9047, 27.9191)"
"M 4.9 - 39 km ESE of Tsunō, Japan",4.9,"(131.9259, 32.0697)"
"M 4.3 - 4 km W of Sındırgı, Turkey",4.3,"(28.1235, 39.2365)"
"M 4.8 - 110 km ESE of Hiroo, Japan",4.8,"(144.5307, 41.9114)"
M 4.3 - central Mid-Atlantic Ridge,4.3,"(-18.186, -0.1615)"
"M 4.7 - 73 km SSW of La Providencia, Mexico",4.7,"(-111.8724, 28.107)"
"M 4.3 - 152 km SE of Petropavlovsk-Kamchatsky, Russia",4.3,"(160.2971, 52.1495)"
"M 4.7 - 30 km SSE of Champerico, Guatemala",4.7,"(-91.8044, 14.0356)"
"M 4.7 - 28 km NE of Helio García Alfaro, Mexico",4.7,"(-94.1135, 17.4573)"
"M 4.3 - 53 km WNW of Pante Makasar, Timor Leste",4.3,"(123.9238, -9.0454)"
"M 4.9 - 44 km NE of Mgachi, Russia",4.9,"(142.6435, 51.3747)"
"M 4.4 - 63 km NNE of Santa Rosalía, Mexico",4.4,"(-111.924, 27.827)"
M 4.6 - off the coast of Central America,4.6,"(-83.0598, 3.304)"
M 4.8 - south of Panama,4.8,"(-82.9263, 3.3758)"
"M 4.4 - 24 km SSE of Kastrí, Greece",4.4,"(24.1625, 34.6195)"
"M 4.5 - 12 km W of Karori, New Zealand",4.5,"(174.59, -41.2904)"
"M 4.9 - 12 km ENE of Caraga, Philippines",4.9,"(126.6748, 7.3537)"
"M 4.6 - 22 km SSW of Puerto El Triunfo, El Salvador",4.6,"(-88.6169, 13.09)"
"M 4.4 - 129 km ENE of Miyako, Japan",4.4,"(143.4169, 39.9)"
"M 4.3 - 145 km S of Kokopo, Papua New Guinea",4.3,"(152.468, -5.6401)"
"M 4.7 - 103 km WNW of Damusi, China",4.7,"(75.6079, 38.2452)"
"M 4.2 - 27 km ENE of Jalālābād, Afghanistan",4.2,"(70.7214, 34.535)"
M 5.7 - South Sandwich Islands region,5.7,"(-25.2007, -58.0489)"
"M 4.6 - 170 km SE of Vilyuchinsk, Russia",4.6,"(160.0336, 51.7677)"
"M 4.0 - 34 km ESE of Nikolski, Alaska",4.0,"(-168.365, 52.8565)"
"M 4.1 - 30 km E of Khorugh, Tajikistan",4.1,"(71.8936, 37.5165)"
"M 4.4 - 170 km SE of Petropavlovsk-Kamchatsky, Russia",4.4,"(160.7029, 52.2037)"
"M 4.5 - 21 km NW of Santa Monica, Philippines",4.5,"(125.9263, 10.1746)"
"M 4.7 - 101 km SSE of Lata, Solomon Islands",4.7,"(166.2545, -11.5254)"
"M 4.3 - 123 km E of Petropavlovsk-Kamchatsky, Russia",4.3,"(160.4591, 52.9327)"
"M 4.6 - 122 km SE of Hihifo, Tonga",4.6,"(-172.9189, -16.6739)"
"M 4.7 - 54 km SW of Sarangani, Philippines",4.7,"(125.1803, 5.0021)"
"M 4.4 - 86 km SSW of Severo-Kuril’sk, Russia",4.4,"(155.8791, 49.9132)"
"M 4.4 - Bonin Islands, Japan region",4.4,"(139.8043, 27.982)"
"M 4.5 - 136 km SE of Petropavlovsk-Kamchatsky, Russia",4.5,"(160.2059, 52.3063)"
"M 4.5 - 163 km SE of Petropavlovsk-Kamchatsky, Russia",4.5,"(160.4401, 52.1002)"
"M 4.6 - 276 km WSW of Tual, Indonesia",4.6,"(130.3473, -6.2884)"
"M 4.1 - 27 km NE of Severo-Kuril’sk, Russia",4.1,"(156.4149, 50.84)"
"M 4.3 - 4 km SW of Mohr, Iran",4.3,"(52.8561, 27.5281)"
"M 4.0 - 19 km NE of Mohr, Iran",4.0,"(53.0396, 27.6675)"
"M 4.8 - 13 km ESE of Tarakan, Indonesia",4.8,"(117.7034, 3.26)"
"M 4.0 - 151 km SE of Petropavlovsk-Kamchatsky, Russia",4.0,"(160.4866, 52.3057)"
"M 4.4 - 179 km SSE of Vilyuchinsk, Russia",4.4,"(159.3761, 51.4336)"
"M 4.7 - 117 km SE of Modisi, Indonesia",4.7,"(125.2772, -0.1931)"
"M 4.8 - Bonin Islands, Japan region",4.8,"(143.1595, 27.6063)"
"M 4.4 - 144 km SE of Petropavlovsk-Kamchatsky, Russia",4.4,"(160.2682, 52.2318)"
"M 4.2 - 9 km NW of Xánthi, Greece",4.2,"(24.8036, 41.1871)"
"M 4.3 - 20 km WSW of Bekobod, Uzbekistan",4.3,"(69.0474, 40.1561)"
"M 4.2 - 148 km ESE of Petropavlovsk-Kamchatsky, Russia",4.2,"(160.489, 52.3613)"
"M 4.3 - 132 km SE of Petropavlovsk-Kamchatsky, Russia",4.3,"(160.0326, 52.2336)"
"M 4.3 - 150 km SE of Petropavlovsk-Kamchatsky, Russia",4.3,"(160.3465, 52.2012)"
"M 4.1 - 199 km W of Bandon, Oregon",4.1,"(-126.8241, 43.4404)"
"M 4.8 - 5 km N of Dededo Village, Guam",4.8,"(144.8388, 13.5684)"
M 4.6 - Macquarie Island region,4.6,"(158.6203, -54.6475)"
M 5.0 - southern East Pacific Rise,5.0,"(-105.7786, -35.3807)"
"M 4.4 - 75 km S of La Libertad, El Salvador",4.4,"(-89.2547, 12.8114)"
"M 4.4 - 165 km SE of Petropavlovsk-Kamchatsky, Russia",4.4,"(160.3132, 51.9832)"
"M 4.0 - 70 km ESE of Petropavlovsk-Kamchatsky, Russia",4.0,"(159.558, 52.779)"
M 5.1 - southern East Pacific Rise,5.1,"(-105.9731, -35.243)"
"M 4.4 - 181 km SE of Vilyuchinsk, Russia",4.4,"(160.3447, 51.8123)"
"M 4.3 - 85 km E of Severo-Kuril’sk, Russia",4.3,"(157.3392, 50.6544)"
"M 5.7 - 107 km S of Severo-Kuril’sk, Russia",5.7,"(155.8574, 49.7248)"
"M 4.9 - 144 km SE of Petropavlovsk-Kamchatsky, Russia",4.9,"(160.3714, 52.3084)"
"M 5.9 - 70 km S of Gorontalo, Indonesia",5.9,"(123.0628, -0.1011)"
"M 6.0 - 149 km SE of Petropavlovsk-Kamchatsky, Russia",6.0,"(160.1897, 52.1115)"
M 4.4 - Fiji region,4.4,"(-177.9319, -19.9832)"
"M 4.3 - 103 km SSW of Manuel Ávila Camacho (Ponte Duro), Mexico",4.3,"(-94.0244, 14.9747)"
"M 4.5 - 172 km SSE of Vilyuchinsk, Russia",4.5,"(159.3122, 51.487)"
"M 4.5 - 150 km SSW of Severo-Kuril’sk, Russia",4.5,"(155.5437, 49.3741)"
"M 4.7 - 76 km SE of Shinmachi, Japan",4.7,"(140.9772, 34.7242)"
"M 4.0 - 108 km ENE of Petropavlovsk-Kamchatsky, Russia",4.0,"(160.0185, 53.5708)"
"M 5.0 - 185 km WNW of Abepura, Indonesia",5.0,"(139.0342, -2.1326)"
"M 4.5 - 138 km E of Yamada, Japan",4.5,"(143.5504, 39.3799)"
M 4.1 - south of the Fiji Islands,4.1,"(-179.9567, -23.4037)"
"M 4.5 - 101 km SSW of Severo-Kuril’sk, Russia",4.5,"(155.6968, 49.8014)"
"M 4.0 - 55 km NNE of Yigo Village, Guam",4.0,"(145.0371, 14.0178)"
"M 4.9 - 173 km SW of Belaya Gora, Russia",4.9,"(142.772, 67.653)"
"M 4.3 - 160 km SE of Petropavlovsk-Kamchatsky, Russia",4.3,"(160.4031, 52.1142)"
"M 4.0 - 165 km SE of Petropavlovsk-Kamchatsky, Russia",4.0,"(160.5188, 52.119)"
"M 5.2 - 120 km W of Tobelo, Indonesia",5.2,"(126.9332, 1.8189)"
"M 4.4 - 140 km SE of Petropavlovsk-Kamchatsky, Russia",4.4,"(160.2673, 52.2876)"
"M 4.1 - 160 km SE of Petropavlovsk-Kamchatsky, Russia",4.1,"(160.5086, 52.1873)"
"M 4.5 - 153 km SE of Petropavlovsk-Kamchatsky, Russia",4.5,"(160.4508, 52.2451)"
M 4.6 - western Indian-Antarctic Ridge,4.6,"(127.3387, -49.154)"
"M 4.0 - 73 km SE of Ozernovskiy, Russia",4.0,"(157.1853, 50.9977)"
"M 4.3 - 178 km ENE of Kuril’sk, Russia",4.3,"(150.0882, 45.6362)"
"M 4.4 - 53 km NW of Arauco, Chile",4.4,"(-73.7837, -36.939)"
"M 4.3 - 9 km SW of Dibba Al-Fujairah, United Arab Emirates",4.3,"(56.1875, 25.5434)"
"M 4.6 - 97 km S of Severo-Kuril’sk, Russia",4.6,"(156.1874, 49.7972)"
"M 4.1 - 148 km SE of Petropavlovsk-Kamchatsky, Russia",4.1,"(160.3199, 52.2212)"
"M 4.2 - 123 km SE of Petropavlovsk-Kamchatsky, Russia",4.2,"(159.9371, 52.2912)"
"M 4.7 - 126 km WNW of Abepura, Indonesia",4.7,"(139.5936, -2.1389)"
"M 4.2 - 167 km SE of Petropavlovsk-Kamchatsky, Russia",4.2,"(160.6464, 52.201)"
"M 4.3 - 33 km SSE of Sarangani, Philippines",4.3,"(125.5639, 5.1217)"
"M 4.3 - 188 km SSE of Vilyuchinsk, Russia",4.3,"(159.6257, 51.4133)"
"M 4.2 - 47 km NNW of Palu, Indonesia",4.2,"(119.6582, -0.5362)"
"M 4.8 - 156 km ESE of Petropavlovsk-Kamchatsky, Russia",4.8,"(160.586, 52.3103)"
"M 4.3 - 167 km SE of Vilyuchinsk, Russia",4.3,"(160.0798, 51.8228)"
"M 5.9 - 190 km WSW of Merizo Village, Guam",5.9,"(143.1544, 12.4034)"
"M 4.2 - 67 km S of Alianza Cristiana, Peru",4.2,"(-76.5241, -4.0796)"
"M 5.4 - 153 km SE of Petropavlovsk-Kamchatsky, Russia",5.4,"(160.4139, 52.215)"
"M 4.0 - 40 km S of Kotzebue, Alaska",4.0,"(-162.5975, 66.5334)"
"M 4.7 - 196 km SE of Vilyuchinsk, Russia",4.7,"(160.4683, 51.6928)"
"M 4.6 - 196 km SE of Petropavlovsk-Kamchatsky, Russia",4.6,"(160.6424, 51.7951)"
"M 5.0 - 151 km SE of Petropavlovsk-Kamchatsky, Russia",5.0,"(160.4641, 52.2876)"
"M 4.6 - 201 km SSE of Vilyuchinsk, Russia",4.6,"(159.4835, 51.2481)"
"M 4.4 - 202 km SE of Vilyuchinsk, Russia",4.4,"(160.2937, 51.5253)"
"M 4.6 - 181 km SE of Petropavlovsk-Kamchatsky, Russia",4.6,"(160.4303, 51.858)"
"M 5.0 - 196 km SE of Vilyuchinsk, Russia",5.0,"(160.2217, 51.5601)"
"M 5.0 - 85 km WNW of Kandrian, Papua New Guinea",5.0,"(148.8839, -5.8087)"
"M 4.5 - 164 km SE of Petropavlovsk-Kamchatsky, Russia",4.5,"(160.433, 52.0731)"
"M 4.5 - 173 km SE of Petropavlovsk-Kamchatsky, Russia",4.5,"(160.4129, 51.9426)"
"M 4.2 - 3 km SW of Ishige, Japan",4.2,"(139.9355, 36.0959)"
"M 4.9 - 143 km ESE of Petropavlovsk-Kamchatsky, Russia",4.9,"(160.4688, 52.4248)"
"M 5.1 - 42 km SE of Petropavlovsk-Kamchatsky, Russia",5.1,"(159.0738, 52.7891)"
"M 5.5 - 136 km SE of Petropavlovsk-Kamchatsky, Russia",5.5,"(160.2958, 52.3774)"
"M 4.3 - 214 km SE of Alo, Wallis and Futuna",4.3,"(-176.8504, -15.8171)"
"M 4.6 - 131 km SE of Petropavlovsk-Kamchatsky, Russia",4.6,"(159.9968, 52.23)"
"M 4.8 - 123 km SE of Petropavlovsk-Kamchatsky, Russia",4.8,"(159.9557, 52.3085)"
"M 4.8 - 143 km SE of Petropavlovsk-Kamchatsky, Russia",4.8,"(160.2989, 52.2723)"
"M 4.4 - 92 km E of Namie, Japan",4.4,"(142.0501, 37.4873)"
"M 5.3 - 142 km SE of Petropavlovsk-Kamchatsky, Russia",5.3,"(160.2458, 52.2472)"
"M 4.7 - 150 km SE of Petropavlovsk-Kamchatsky, Russia",4.7,"(160.2623, 52.1484)"
"M 5.9 - 155 km SE of Petropavlovsk-Kamchatsky, Russia",5.9,"(160.4064, 52.1744)"
"M 4.7 - 198 km SE of Petropavlovsk-Kamchatsky, Russia",4.7,"(161.0854, 52.0881)"
"M 5.1 - 139 km SE of Petropavlovsk-Kamchatsky, Russia",5.1,"(160.2938, 52.3281)"
"M 4.4 - 193 km SE of Petropavlovsk-Kamchatsky, Russia",4.4,"(160.554, 51.7865)"
M 5.1 - South Sandwich Islands region,5.1,"(-26.7427, -55.7465)"
"M 4.1 - 95 km SW of Atocha, Bolivia",4.1,"(-66.818, -21.5882)"
"M 4.2 - 36 km ESE of Port-Olry, Vanuatu",4.2,"(167.372, -15.191)"
"M 4.4 - 142 km SE of Petropavlovsk-Kamchatsky, Russia",4.4,"(160.3439, 52.3243)"
"M 4.1 - 54 km NNW of Otrada, Russia",4.1,"(145.6776, 44.543)"
"M 4.8 - 115 km SE of Petropavlovsk-Kamchatsky, Russia",4.8,"(159.8729, 52.3536)"
"M 4.2 - 149 km SSE of Severo-Kuril’sk, Russia",4.2,"(157.1299, 49.4935)"
"M 4.2 - 29 km SE of Petropavlovsk-Kamchatsky, Russia",4.2,"(158.9675, 52.9)"
"M 4.4 - 4 km SE of Ohinemutu, New Zealand",4.4,"(176.317, -38.1828)"
"M 4.4 - 130 km ENE of Petropavlovsk-Kamchatsky, Russia",4.4,"(160.5301, 53.3142)"
"M 4.7 - 169 km SE of Petropavlovsk-Kamchatsky, Russia",4.7,"(160.3882, 51.9806)"
"M 4.9 - 205 km SE of Vilyuchinsk, Russia",4.9,"(160.3694, 51.5301)"
M 4.5 - south of Africa,4.5,"(28.2409, -52.5538)"
"M 4.8 - 174 km WNW of Abepura, Indonesia",4.8,"(139.1162, -2.1736)"
"M 4.3 - 144 km SE of Petropavlovsk-Kamchatsky, Russia",4.3,"(160.2069, 52.1915)"
"M 4.4 - 58 km NE of Calama, Chile",4.4,"(-68.558, -22.0515)"
"M 4.7 - 84 km NE of Lobuche, Nepal",4.7,"(87.3673, 28.5267)"
"M 5.3 - 123 km ENE of Ozernovskiy, Russia",5.3,"(158.237, 51.7565)"
M 4.6 - south of the Fiji Islands,4.6,"(-179.9453, -23.5215)"
"M 5.2 - 143 km E of Yamada, Japan",5.2,"(143.6134, 39.353)"
"M 4.3 - 132 km E of Yamada, Japan",4.3,"(143.4827, 39.414)"
"M 4.8 - 78 km S of Severo-Kuril’sk, Russia",4.8,"(155.9408, 49.9757)"
"M 4.6 - 262 km SSE of Alo, Wallis and Futuna",4.6,"(-177.2358, -16.5223)"
"M 4.2 - 35 km NW of Coquimbo, Chile",4.2,"(-71.6156, -29.7357)"
M 4.3 - south of Africa,4.3,"(28.1561, -52.8748)"
"M 5.0 - 139 km ESE of Petropavlovsk-Kamchatsky, Russia",5.0,"(160.397, 52.417)"
"M 4.3 - 139 km SE of Petropavlovsk-Kamchatsky, Russia",4.3,"(160.186, 52.2482)"
"M 4.4 - 199 km SE of Vilyuchinsk, Russia",4.4,"(160.3171, 51.5799)"
"M 5.5 - 111 km W of Copiapó, Chile",5.5,"(-71.4617, -27.4251)"
"M 4.4 - 75 km E of Petropavlovsk-Kamchatsky, Russia",4.4,"(159.7477, 52.9969)"
"M 4.5 - 163 km SE of Vilyuchinsk, Russia",4.5,"(159.973, 51.8167)"
"M 4.4 - 148 km SE of Petropavlovsk-Kamchatsky, Russia",4.4,"(160.3528, 52.2323)"
"M 4.1 - 197 km ESE of Petropavlovsk-Kamchatsky, Russia",4.1,"(161.1123, 52.1376)"
"M 4.2 - 149 km ESE of Petropavlovsk-Kamchatsky, Russia",4.2,"(160.5155, 52.357)"
"M 4.4 - 169 km SE of Petropavlovsk-Kamchatsky, Russia",4.4,"(160.6773, 52.1854)"
"M 4.2 - 196 km SE of Petropavlovsk-Kamchatsky, Russia",4.2,"(160.9009, 51.971)"
"M 5.1 - 21 km ESE of Sındırgı, Turkey",5.1,"(28.4161, 39.1743)"
"M 4.5 - 159 km SE of Petropavlovsk-Kamchatsky, Russia",4.5,"(160.2866, 52.0519)"
"M 4.4 - 169 km SE of Petropavlovsk-Kamchatsky, Russia",4.4,"(160.5052, 52.0635)"
"M 4.7 - 165 km SE of Petropavlovsk-Kamchatsky, Russia",4.7,"(160.6754, 52.2525)"
"M 4.4 - 187 km SE of Vilyuchinsk, Russia",4.4,"(160.094, 51.5995)"
"M 4.8 - 156 km ESE of Petropavlovsk-Kamchatsky, Russia",4.8,"(160.5927, 52.3143)"
"M 4.8 - 146 km ESE of Petropavlovsk-Kamchatsky, Russia",4.8,"(160.5389, 52.4467)"
"M 4.6 - 164 km SE of Petropavlovsk-Kamchatsky, Russia",4.6,"(160.5773, 52.1812)"
"M 5.1 - 162 km SE of Petropavlovsk-Kamchatsky, Russia",5.1,"(160.6214, 52.2507)"
"M 5.0 - 140 km SE of Petropavlovsk-Kamchatsky, Russia",5.0,"(160.3621, 52.365)"
"M 4.3 - 212 km SSE of Vilyuchinsk, Russia",4.3,"(160.0075, 51.295)"
"M 4.8 - 160 km SE of Petropavlovsk-Kamchatsky, Russia",4.8,"(160.3525, 52.0807)"
"M 4.4 - 157 km SE of Petropavlovsk-Kamchatsky, Russia",4.4,"(160.4443, 52.1855)"
"M 4.4 - 288 km E of Levuka, Fiji",4.4,"(-177.961, -18.1331)"
"M 4.9 - 142 km ENE of Miyako, Japan",4.9,"(143.5608, 39.9544)"
M 4.7 - south of the Kermadec Islands,4.7,"(179.4743, -34.9999)"
"M 4.8 - 160 km SE of Petropavlovsk-Kamchatsky, Russia",4.8,"(160.419, 52.12)"
"M 4.4 - 51 km WNW of Kirakira, Solomon Islands",4.4,"(161.4872, -10.2623)"
M 4.3 - south of the Fiji Islands,4.3,"(179.6377, -24.8232)"
"M 4.5 - 109 km SE of Petropavlovsk-Kamchatsky, Russia",4.5,"(159.6624, 52.3111)"
"M 4.6 - 134 km SE of Petropavlovsk-Kamchatsky, Russia",4.6,"(160.1882, 52.3209)"
"M 4.0 - 77 km ESE of Petropavlovsk-Kamchatsky, Russia",4.0,"(159.7404, 52.8869)"
"M 4.9 - 200 km SE of Vilyuchinsk, Russia",4.9,"(160.2287, 51.5178)"
"M 6.1 - 151 km SE of Petropavlovsk-Kamchatsky, Russia",6.1,"(160.399, 52.2301)"
"M 4.1 - 115 km SE of Lorengau, Papua New Guinea",4.1,"(147.8944, -2.8652)"
"M 4.4 - 109 km SE of Lorengau, Papua New Guinea",4.4,"(147.9022, -2.7983)"
"M 4.6 - 150 km ESE of Petropavlovsk-Kamchatsky, Russia",4.6,"(160.5016, 52.3318)"
"M 4.2 - 123 km SE of Petropavlovsk-Kamchatsky, Russia",4.2,"(160.1102, 52.4138)"
"M 4.1 - 133 km SE of Petropavlovsk-Kamchatsky, Russia",4.1,"(160.2656, 52.3978)"
"M 4.4 - 180 km SE of Vilyuchinsk, Russia",4.4,"(160.2115, 51.7431)"
"M 4.8 - 168 km SE of Petropavlovsk-Kamchatsky, Russia",4.8,"(160.4338, 52.0285)"
"M 4.3 - 102 km SSE of Lorengau, Papua New Guinea",4.3,"(147.6772, -2.8637)"
"M 4.6 - 154 km SE of Petropavlovsk-Kamchatsky, Russia",4.6,"(160.324, 52.1422)"
"M 4.6 - 152 km SE of Petropavlovsk-Kamchatsky, Russia",4.6,"(160.2915, 52.1467)"
"M 4.9 - 161 km SE of Petropavlovsk-Kamchatsky, Russia",4.9,"(160.3047, 52.04)"
"M 4.3 - 151 km SE of Petropavlovsk-Kamchatsky, Russia",4.3,"(160.422, 52.2495)"
"M 4.3 - 159 km SE of Petropavlovsk-Kamchatsky, Russia",4.3,"(160.3667, 52.1017)"
"M 5.7 - 149 km SE of Petropavlovsk-Kamchatsky, Russia",5.7,"(160.2121, 52.1303)"
"M 5.9 - 136 km SE of Petropavlovsk-Kamchatsky, Russia",5.9,"(160.1251, 52.2365)"
"M 4.8 - 47 km SW of Sarangani, Philippines",4.8,"(125.1958, 5.0679)"
"M 4.7 - 72 km SW of Sarangani, Philippines",4.7,"(125.0441, 4.8987)"
M 4.6 - northern Mid-Atlantic Ridge,4.6,"(-28.4232, 43.5668)"
"M 4.5 - 150 km ENE of Miyako, Japan",4.5,"(143.6448, 39.991)"
"M 5.1 - 41 km SW of Sarangani, Philippines",5.1,"(125.2351, 5.11)"
"M 5.3 - 65 km S of Sarangani, Philippines",5.3,"(125.3874, 4.8116)"
"M 4.8 - 50 km SSW of Sarangani, Philippines",4.8,"(125.3608, 4.9609)"
"M 5.2 - 92 km SSW of Severo-Kuril’sk, Russia",5.2,"(155.7956, 49.8704)"
"M 4.6 - 113 km SE of Petropavlovsk-Kamchatsky, Russia",4.6,"(159.9524, 52.4359)"
M 4.7 - Mariana Islands region,4.7,"(141.8589, 12.3507)"
"M 4.9 - 111 km SE of Petropavlovsk-Kamchatsky, Russia",4.9,"(159.9097, 52.4306)"
"M 4.6 - 109 km SE of Phek, India",4.6,"(95.3102, 25.0088)"
